Timestamp,UTC,Callsign,Position,Altitude,Speed,Direction
1790819376,2026-10-01T01:49:36Z,VOZ267,"-37.670734,144.846268",0,0,171
1790819427,2026-10-01T01:50:27Z,VOZ267,"-37.670734,144.846252",0,0,171
1790821733,2026-10-01T02:28:53Z,VOZ267,"-37.670494,144.846237",0,4,168
1790821746,2026-10-01T02:29:06Z,VOZ267,"-37.67028,144.846146",0,3,185
1790821761,2026-10-01T02:29:21Z,VOZ267,"-37.670059,144.846176",0,3,253
1790821787,2026-10-01T02:29:47Z,VOZ267,"-37.670082,144.845947",0,3,261
1790822106,2026-10-01T02:35:06Z,VOZ267,"-37.670105,144.845673",0,4,264
1790822114,2026-10-01T02:35:14Z,VOZ267,"-37.670128,144.845444",0,6,267
1790822122,2026-10-01T02:35:22Z,VOZ267,"-37.670139,144.845047",0,9,267
1790822127,2026-10-01T02:35:27Z,VOZ267,"-37.670189,144.844788",0,11,258
1790822131,2026-10-01T02:35:31Z,VOZ267,"-37.670303,144.844574",0,11,233
1790822136,2026-10-01T02:35:36Z,VOZ267,"-37.670582,144.844467",0,12,188
1790822142,2026-10-01T02:35:42Z,VOZ267,"-37.670898,144.844513",0,14,171
1790822147,2026-10-01T02:35:47Z,VOZ267,"-37.671211,144.844574",0,12,171
1790822151,2026-10-01T02:35:51Z,VOZ267,"-37.671421,144.844604",0,12,171
1790822156,2026-10-01T02:35:56Z,VOZ267,"-37.671711,144.844543",0,13,199
1790822161,2026-10-01T02:36:01Z,VOZ267,"-37.671932,144.844208",0,15,239
1790822164,2026-10-01T02:36:04Z,VOZ267,"-37.671993,144.843948",0,15,258
1790822168,2026-10-01T02:36:08Z,VOZ267,"-37.672028,144.843582",0,16,264
1790822171,2026-10-01T02:36:11Z,VOZ267,"-37.67205,144.843292",0,16,267
1790822175,2026-10-01T02:36:15Z,VOZ267,"-37.672073,144.842911",0,16,264
1790822179,2026-10-01T02:36:19Z,VOZ267,"-37.672119,144.842529",0,16,264
1790822181,2026-10-01T02:36:21Z,VOZ267,"-37.672131,144.842316",0,16,264
1790822184,2026-10-01T02:36:24Z,VOZ267,"-37.672153,144.842026",0,16,264
1790822188,2026-10-01T02:36:28Z,VOZ267,"-37.672176,144.84169",0,15,264
1790822191,2026-10-01T02:36:31Z,VOZ267,"-37.672199,144.841385",0,15,264
1790822196,2026-10-01T02:36:36Z,VOZ267,"-37.672314,144.841049",0,0,241
1790822204,2026-10-01T02:36:44Z,VOZ267,"-37.67276,144.840759",0,15,185
1790822208,2026-10-01T02:36:48Z,VOZ267,"-37.673058,144.840805",0,15,171
1790822212,2026-10-01T02:36:52Z,VOZ267,"-37.673321,144.840851",0,16,171
1790822215,2026-10-01T02:36:55Z,VOZ267,"-37.673561,144.840897",0,17,168
1790822218,2026-10-01T02:36:58Z,VOZ267,"-37.673813,144.840942",0,18,171
1790822221,2026-10-01T02:37:01Z,VOZ267,"-37.674133,144.841003",0,19,171
1790822224,2026-10-01T02:37:04Z,VOZ267,"-37.674362,144.841049",0,18,171
1790822228,2026-10-01T02:37:08Z,VOZ267,"-37.674725,144.841125",0,19,171
1790822234,2026-10-01T02:37:14Z,VOZ267,"-37.675198,144.841202",0,19,171
1790822237,2026-10-01T02:37:17Z,VOZ267,"-37.675518,144.841263",0,19,171
1790822244,2026-10-01T02:37:24Z,VOZ267,"-37.676113,144.84137",0,18,171
1790822254,2026-10-01T02:37:34Z,VOZ267,"-37.676903,144.841522",0,16,171
1790822261,2026-10-01T02:37:41Z,VOZ267,"-37.677383,144.841614",0,16,171
1790822268,2026-10-01T02:37:48Z,VOZ267,"-37.677921,144.841705",0,14,171
1790822276,2026-10-01T02:37:56Z,VOZ267,"-37.678288,144.841782",0,10,174
1790822281,2026-10-01T02:38:01Z,VOZ267,"-37.678509,144.841751",0,8,188
1790822287,2026-10-01T02:38:07Z,VOZ267,"-37.678665,144.841537",0,7,230
1790822294,2026-10-01T02:38:14Z,VOZ267,"-37.678711,144.841309",0,5,255
1790822421,2026-10-01T02:40:21Z,VOZ267,"-37.678722,144.84108",0,0,264
1790822430,2026-10-01T02:40:30Z,VOZ267,"-37.678745,144.840866",0,5,264
1790822437,2026-10-01T02:40:37Z,VOZ267,"-37.67878,144.840607",0,7,261
1790822445,2026-10-01T02:40:45Z,VOZ267,"-37.678833,144.840302",0,7,261
1790822451,2026-10-01T02:40:51Z,VOZ267,"-37.678871,144.840057",0,7,258
1790822459,2026-10-01T02:40:59Z,VOZ267,"-37.678917,144.839798",0,4,261
1790822479,2026-10-01T02:41:19Z,VOZ267,"-37.678707,144.839691",0,2,348
1790822523,2026-10-01T02:42:03Z,VOZ267,"-37.678452,144.839645",0,13,351
1790822529,2026-10-01T02:42:09Z,VOZ267,"-37.677361,144.839447",0,45,351
1790822537,2026-10-01T02:42:17Z,VOZ267,"-37.67625,144.839233",0,62,351
1790822546,2026-10-01T02:42:26Z,VOZ267,"-37.671188,144.838257",275,102,351
1790822555,2026-10-01T02:42:35Z,VOZ267,"-37.665848,144.837326",275,141,351
1790822564,2026-10-01T02:42:44Z,VOZ267,"-37.659458,144.836105",400,155,351
1790822572,2026-10-01T02:42:52Z,VOZ267,"-37.65387,144.834976",675,158,350
1790822580,2026-10-01T02:43:00Z,VOZ267,"-37.647766,144.833588",950,159,349
1790822587,2026-10-01T02:43:07Z,VOZ267,"-37.642929,144.832458",1250,157,349
1790822595,2026-10-01T02:43:15Z,VOZ267,"-37.63702,144.831146",1600,155,350
1790822602,2026-10-01T02:43:22Z,VOZ267,"-37.632458,144.8302",1800,158,350
1790822610,2026-10-01T02:43:30Z,VOZ267,"-37.62608,144.828949",1925,172,351
1790822617,2026-10-01T02:43:37Z,VOZ267,"-37.620758,144.827972",2000,181,352
1790822619,2026-10-01T02:43:39Z,VOZ267,"-37.619049,144.827682",2050,183,352
1790822628,2026-10-01T02:43:48Z,VOZ267,"-37.61095,144.826309",2225,194,352
1790822636,2026-10-01T02:43:56Z,VOZ267,"-37.603222,144.825119",2375,205,353
1790822640,2026-10-01T02:44:00Z,VOZ267,"-37.599216,144.824768",2475,212,357
1790822643,2026-10-01T02:44:03Z,VOZ267,"-37.596565,144.824829",2525,215,359
1790822645,2026-10-01T02:44:05Z,VOZ267,"-37.594425,144.824997",2550,219,4
1790822647,2026-10-01T02:44:07Z,VOZ267,"-37.592468,144.825287",2575,223,7
1790822649,2026-10-01T02:44:09Z,VOZ267,"-37.590317,144.825699",2625,227,9
1790822651,2026-10-01T02:44:11Z,VOZ267,"-37.58812,144.826279",2650,230,12
1790822653,2026-10-01T02:44:13Z,VOZ267,"-37.586136,144.82692",2675,233,14
1790822656,2026-10-01T02:44:16Z,VOZ267,"-37.583817,144.827789",2725,238,17
1790822658,2026-10-01T02:44:18Z,VOZ267,"-37.581108,144.829056",2775,241,22
1790822660,2026-10-01T02:44:20Z,VOZ267,"-37.579014,144.8302",2825,244,24
1790822662,2026-10-01T02:44:22Z,VOZ267,"-37.576813,144.831543",2900,245,26
1790822664,2026-10-01T02:44:24Z,VOZ267,"-37.57436,144.833115",2975,246,27
1790822666,2026-10-01T02:44:26Z,VOZ267,"-37.572498,144.83432",3025,247,27
1790822669,2026-10-01T02:44:29Z,VOZ267,"-37.569939,144.835983",3100,249,27
1790822671,2026-10-01T02:44:31Z,VOZ267,"-37.567886,144.837326",3125,250,26
1790822673,2026-10-01T02:44:33Z,VOZ267,"-37.565559,144.83873",3200,254,26
1790822675,2026-10-01T02:44:35Z,VOZ267,"-37.563538,144.840012",3225,256,26
1790822677,2026-10-01T02:44:37Z,VOZ267,"-37.561295,144.841415",3275,258,25
1790822679,2026-10-01T02:44:39Z,VOZ267,"-37.55909,144.842728",3325,260,25
1790822681,2026-10-01T02:44:41Z,VOZ267,"-37.55658,144.844223",3375,262,25
1790822684,2026-10-01T02:44:44Z,VOZ267,"-37.553833,144.845917",3450,264,25
1790822686,2026-10-01T02:44:46Z,VOZ267,"-37.551682,144.847137",3475,266,25
1790822688,2026-10-01T02:44:48Z,VOZ267,"-37.548756,144.848892",3550,268,25
1790822690,2026-10-01T02:44:50Z,VOZ267,"-37.546707,144.850143",3575,271,25
1790822699,2026-10-01T02:44:59Z,VOZ267,"-37.53653,144.85614",3775,278,25
1790822707,2026-10-01T02:45:07Z,VOZ267,"-37.526226,144.862259",4075,280,25
1790822714,2026-10-01T02:45:14Z,VOZ267,"-37.519196,144.866501",4400,278,25
1790822723,2026-10-01T02:45:23Z,VOZ267,"-37.508835,144.872787",4900,275,25
1790822730,2026-10-01T02:45:30Z,VOZ267,"-37.500248,144.878021",5325,273,25
1790822743,2026-10-01T02:45:43Z,VOZ267,"-37.485809,144.886932",5900,275,26
1790822756,2026-10-01T02:45:56Z,VOZ267,"-37.470428,144.896454",6450,277,26
1790822769,2026-10-01T02:46:09Z,VOZ267,"-37.455505,144.905518",6900,282,26
1790822778,2026-10-01T02:46:18Z,VOZ267,"-37.445251,144.913116",7250,290,34
1790822780,2026-10-01T02:46:20Z,VOZ267,"-37.442917,144.915161",7325,291,35
1790822782,2026-10-01T02:46:22Z,VOZ267,"-37.440567,144.917435",7425,294,37
1790822784,2026-10-01T02:46:24Z,VOZ267,"-37.43866,144.919403",7475,296,39
1790822787,2026-10-01T02:46:27Z,VOZ267,"-37.435867,144.922501",7600,298,41
1790822789,2026-10-01T02:46:29Z,VOZ267,"-37.433723,144.925018",7700,300,44
1790822791,2026-10-01T02:46:31Z,VOZ267,"-37.431885,144.927429",7775,302,46
1790822793,2026-10-01T02:46:33Z,VOZ267,"-37.429443,144.930801",7900,304,48
1790822795,2026-10-01T02:46:35Z,VOZ267,"-37.427582,144.933517",8000,305,49
1790822798,2026-10-01T02:46:38Z,VOZ267,"-37.425716,144.936478",8075,308,51
1790822800,2026-10-01T02:46:40Z,VOZ267,"-37.424088,144.939163",8150,310,52
1790822802,2026-10-01T02:46:42Z,VOZ267,"-37.422272,144.942276",8225,312,54
1790822804,2026-10-01T02:46:44Z,VOZ267,"-37.420177,144.945969",8325,314,54
1790822806,2026-10-01T02:46:46Z,VOZ267,"-37.418243,144.949402",8400,314,54
1790822808,2026-10-01T02:46:48Z,VOZ267,"-37.416458,144.95256",8500,316,54
1790822810,2026-10-01T02:46:50Z,VOZ267,"-37.415104,144.954987",8550,316,54
1790822812,2026-10-01T02:46:52Z,VOZ267,"-37.412979,144.958694",8650,318,54
1790822815,2026-10-01T02:46:55Z,VOZ267,"-37.411377,144.961624",8750,318,54
1790822817,2026-10-01T02:46:57Z,VOZ267,"-37.409004,144.96579",8875,317,54
1790822819,2026-10-01T02:46:59Z,VOZ267,"-37.407284,144.968842",8975,317,54
1790822833,2026-10-01T02:47:13Z,VOZ267,"-37.395737,144.989319",9675,316,54
1790822846,2026-10-01T02:47:26Z,VOZ267,"-37.384735,145.008713",10300,319,54
1790822859,2026-10-01T02:47:39Z,VOZ267,"-37.37344,145.028671",10850,323,54
1790822872,2026-10-01T02:47:52Z,VOZ267,"-37.361664,145.049683",11400,328,54
1790822886,2026-10-01T02:48:06Z,VOZ267,"-37.349075,145.071945",11875,334,54
1790822899,2026-10-01T02:48:19Z,VOZ267,"-37.337547,145.092255",12325,340,54
1790822930,2026-10-01T02:48:50Z,VOZ267,"-37.308838,145.142715",13325,352,54
1790822962,2026-10-01T02:49:22Z,VOZ267,"-37.278847,145.195724",14575,354,54
1790822995,2026-10-01T02:49:55Z,VOZ267,"-37.247269,145.251297",15850,357,54
1790823026,2026-10-01T02:50:26Z,VOZ267,"-37.217514,145.303482",16900,359,54
1790823056,2026-10-01T02:50:56Z,VOZ267,"-37.187622,145.355789",17825,364,54
1790823088,2026-10-01T02:51:28Z,VOZ267,"-37.156265,145.41066",18675,374,54
1790823120,2026-10-01T02:52:00Z,VOZ267,"-37.123547,145.467636",19575,382,54
1790823151,2026-10-01T02:52:31Z,VOZ267,"-37.091309,145.524139",20525,386,54
1790823182,2026-10-01T02:53:02Z,VOZ267,"-37.058189,145.581802",21350,393,54
1790823213,2026-10-01T02:53:33Z,VOZ267,"-37.02594,145.637634",22250,397,54
1790823245,2026-10-01T02:54:05Z,VOZ267,"-36.990738,145.698578",23250,400,54
1790823276,2026-10-01T02:54:36Z,VOZ267,"-36.956497,145.757782",24100,407,54
1790823308,2026-10-01T02:55:08Z,VOZ267,"-36.921837,145.817764",24975,415,54
1790823338,2026-10-01T02:55:38Z,VOZ267,"-36.887375,145.877045",25850,421,54
1790823371,2026-10-01T02:56:11Z,VOZ267,"-36.849819,145.941681",26750,427,54
1790823403,2026-10-01T02:56:43Z,VOZ267,"-36.81123,146.008011",27600,433,54
1790823434,2026-10-01T02:57:14Z,VOZ267,"-36.774639,146.070831",28350,439,54
1790823465,2026-10-01T02:57:45Z,VOZ267,"-36.737957,146.133652",29125,441,54
1790823496,2026-10-01T02:58:16Z,VOZ267,"-36.700882,146.19696",30150,437,54
1790823528,2026-10-01T02:58:48Z,VOZ267,"-36.662933,146.261963",31000,434,54
1790823559,2026-10-01T02:59:19Z,VOZ267,"-36.626415,146.324158",31000,435,53
1790823591,2026-10-01T02:59:51Z,VOZ267,"-36.587997,146.38916",31000,435,53
1790823624,2026-10-01T03:00:24Z,VOZ267,"-36.549133,146.455078",30975,436,53
1790823656,2026-10-01T03:00:56Z,VOZ267,"-36.510681,146.519852",31000,435,53
1790823688,2026-10-01T03:01:28Z,VOZ267,"-36.472687,146.584229",31000,438,53
1790823719,2026-10-01T03:01:59Z,VOZ267,"-36.435699,146.646652",31000,439,53
1790823752,2026-10-01T03:02:32Z,VOZ267,"-36.396286,146.712921",31000,441,53
1790823782,2026-10-01T03:03:02Z,VOZ267,"-36.358154,146.776947",31000,442,53
1790823809,2026-10-01T03:03:29Z,VOZ267,"-36.32983,146.835373",31000,450,63
1790823811,2026-10-01T03:03:31Z,VOZ267,"-36.328018,146.839996",31000,449,64
1790823814,2026-10-01T03:03:34Z,VOZ267,"-36.325783,146.84584",31000,450,65
1790823816,2026-10-01T03:03:36Z,VOZ267,"-36.323826,146.851273",31000,451,65
1790823818,2026-10-01T03:03:38Z,VOZ267,"-36.321732,146.857162",31000,452,66
1790823821,2026-10-01T03:03:41Z,VOZ267,"-36.320103,146.861969",31000,452,67
1790823825,2026-10-01T03:03:45Z,VOZ267,"-36.316658,146.872543",31000,453,68
1790823857,2026-10-01T03:04:17Z,VOZ267,"-36.291687,146.949066",31000,453,68
1790823890,2026-10-01T03:04:50Z,VOZ267,"-36.265545,147.028854",31000,454,68
1790823923,2026-10-01T03:05:23Z,VOZ267,"-36.240051,147.106705",31000,452,68
1790823955,2026-10-01T03:05:55Z,VOZ267,"-36.214508,147.184357",31000,453,67
1790823986,2026-10-01T03:06:26Z,VOZ267,"-36.190037,147.258575",31000,454,67
1790824017,2026-10-01T03:06:57Z,VOZ267,"-36.165131,147.333557",31000,454,67
1790824048,2026-10-01T03:07:28Z,VOZ267,"-36.140411,147.407944",31000,453,67
1790824081,2026-10-01T03:08:01Z,VOZ267,"-36.114483,147.48584",30850,440,67
1790824112,2026-10-01T03:08:32Z,VOZ267,"-36.090958,147.556458",29850,438,67
1790824144,2026-10-01T03:09:04Z,VOZ267,"-36.06588,147.631531",28625,435,67
1790824176,2026-10-01T03:09:36Z,VOZ267,"-36.041199,147.705109",27425,434,67
1790824207,2026-10-01T03:10:07Z,VOZ267,"-36.017792,147.774475",26200,433,67
1790824239,2026-10-01T03:10:39Z,VOZ267,"-35.993118,147.847748",24950,432,67
1790824270,2026-10-01T03:11:10Z,VOZ267,"-35.969604,147.918381",23925,426,67
1790824300,2026-10-01T03:11:40Z,VOZ267,"-35.946762,147.985718",22950,420,67
1790824331,2026-10-01T03:12:11Z,VOZ267,"-35.924332,148.052505",21925,412,67
1790824363,2026-10-01T03:12:43Z,VOZ267,"-35.900387,148.122467",20875,398,67
1790824395,2026-10-01T03:13:15Z,VOZ267,"-35.878052,148.187592",19850,388,67
1790824428,2026-10-01T03:13:48Z,VOZ267,"-35.855713,148.253052",18800,379,67
1790824460,2026-10-01T03:14:20Z,VOZ267,"-35.833492,148.317825",17775,372,67
1790824491,2026-10-01T03:14:51Z,VOZ267,"-35.812912,148.378021",16825,372,67
1790824522,2026-10-01T03:15:22Z,VOZ267,"-35.791946,148.439316",15800,383,67
1790824555,2026-10-01T03:15:55Z,VOZ267,"-35.769993,148.503601",14750,380,67
1790824585,2026-10-01T03:16:25Z,VOZ267,"-35.748688,148.564972",13725,381,66
1790824616,2026-10-01T03:16:56Z,VOZ267,"-35.728191,148.62767",12650,378,69
1790824647,2026-10-01T03:17:27Z,VOZ267,"-35.709961,148.689301",11575,368,70
1790824661,2026-10-01T03:17:41Z,VOZ267,"-35.702122,148.71637",11150,360,70
1790824674,2026-10-01T03:17:54Z,VOZ267,"-35.695038,148.74057",10750,353,70
1790824687,2026-10-01T03:18:07Z,VOZ267,"-35.687347,148.766388",10350,348,69
1790824701,2026-10-01T03:18:21Z,VOZ267,"-35.679886,148.791214",10050,342,69
1790824714,2026-10-01T03:18:34Z,VOZ267,"-35.672882,148.814911",9925,332,70
1790824728,2026-10-01T03:18:48Z,VOZ267,"-35.665859,148.838745",9775,321,70
1790824742,2026-10-01T03:19:02Z,VOZ267,"-35.6586,148.863205",9550,314,69
1790824756,2026-10-01T03:19:16Z,VOZ267,"-35.652191,148.884598",9175,313,69
1790824769,2026-10-01T03:19:29Z,VOZ267,"-35.645233,148.907639",8850,310,69
1790824783,2026-10-01T03:19:43Z,VOZ267,"-35.638809,148.929031",8500,308,69
1790824796,2026-10-01T03:19:56Z,VOZ267,"-35.632015,148.951523",8175,305,69
1790824809,2026-10-01T03:20:09Z,VOZ267,"-35.625687,148.972839",7850,304,70
1790824822,2026-10-01T03:20:22Z,VOZ267,"-35.619324,148.994064",7525,303,69
1790824835,2026-10-01T03:20:35Z,VOZ267,"-35.612915,149.015411",7175,302,69
1790824849,2026-10-01T03:20:49Z,VOZ267,"-35.606316,149.037018",6900,299,68
1790824862,2026-10-01T03:21:02Z,VOZ267,"-35.598953,149.057587",6725,287,62
1790824867,2026-10-01T03:21:07Z,VOZ267,"-35.596252,149.063293",6675,282,58
1790824869,2026-10-01T03:21:09Z,VOZ267,"-35.594742,149.066101",6650,280,57
1790824871,2026-10-01T03:21:11Z,VOZ267,"-35.593323,149.068741",6625,279,55
1790824873,2026-10-01T03:21:13Z,VOZ267,"-35.591446,149.071884",6575,276,53
1790824875,2026-10-01T03:21:15Z,VOZ267,"-35.589745,149.0746",6550,273,52
1790824878,2026-10-01T03:21:18Z,VOZ267,"-35.587742,149.077576",6525,271,50
1790824880,2026-10-01T03:21:20Z,VOZ267,"-35.586021,149.080032",6500,268,49
1790824882,2026-10-01T03:21:22Z,VOZ267,"-35.584946,149.081497",6500,267,48
1790824884,2026-10-01T03:21:24Z,VOZ267,"-35.582527,149.084885",6475,265,48
1790824886,2026-10-01T03:21:26Z,VOZ267,"-35.580574,149.08757",6450,264,48
1790824889,2026-10-01T03:21:29Z,VOZ267,"-35.578812,149.090088",6425,262,48
1790824891,2026-10-01T03:21:31Z,VOZ267,"-35.577118,149.092422",6400,262,49
1790824893,2026-10-01T03:21:33Z,VOZ267,"-35.575104,149.09523",6375,260,49
1790824896,2026-10-01T03:21:36Z,VOZ267,"-35.573547,149.097458",6350,260,48
1790824898,2026-10-01T03:21:38Z,VOZ267,"-35.571533,149.100159",6325,259,48
1790824900,2026-10-01T03:21:40Z,VOZ267,"-35.569866,149.102295",6300,257,46
1790824913,2026-10-01T03:21:53Z,VOZ267,"-35.558834,149.11615",6125,252,45
1790824926,2026-10-01T03:22:06Z,VOZ267,"-35.548508,149.128937",5975,247,45
1790824940,2026-10-01T03:22:20Z,VOZ267,"-35.537521,149.142441",5825,239,43
1790824947,2026-10-01T03:22:27Z,VOZ267,"-35.531925,149.147812",5750,234,34
1790824949,2026-10-01T03:22:29Z,VOZ267,"-35.529411,149.149689",5725,233,30
1790824951,2026-10-01T03:22:31Z,VOZ267,"-35.527504,149.150864",5700,230,26
1790824954,2026-10-01T03:22:34Z,VOZ267,"-35.524612,149.152451",5675,228,23
1790824956,2026-10-01T03:22:36Z,VOZ267,"-35.522736,149.153259",5650,225,19
1790824958,2026-10-01T03:22:38Z,VOZ267,"-35.520721,149.154053",5625,224,16
1790824960,2026-10-01T03:22:40Z,VOZ267,"-35.51825,149.154846",5575,223,14
1790824962,2026-10-01T03:22:42Z,VOZ267,"-35.516327,149.155426",5550,222,12
1790824965,2026-10-01T03:22:45Z,VOZ267,"-35.513725,149.156052",5500,221,11
1790824967,2026-10-01T03:22:47Z,VOZ267,"-35.511612,149.156631",5450,220,12
1790824969,2026-10-01T03:22:49Z,VOZ267,"-35.509068,149.15741",5400,219,13
1790824971,2026-10-01T03:22:51Z,VOZ267,"-35.507309,149.157944",5375,218,14
1790824974,2026-10-01T03:22:54Z,VOZ267,"-35.504837,149.158691",5325,216,14
1790824976,2026-10-01T03:22:56Z,VOZ267,"-35.502598,149.159393",5275,216,14
1790824978,2026-10-01T03:22:58Z,VOZ267,"-35.500595,149.160034",5250,215,14
1790824980,2026-10-01T03:23:00Z,VOZ267,"-35.498734,149.160553",5200,214,13
1790824983,2026-10-01T03:23:03Z,VOZ267,"-35.49622,149.161316",5175,214,13
1790824985,2026-10-01T03:23:05Z,VOZ267,"-35.494221,149.161896",5125,213,13
1790824987,2026-10-01T03:23:07Z,VOZ267,"-35.492294,149.162521",5100,212,14
1790824992,2026-10-01T03:23:12Z,VOZ267,"-35.487671,149.164001",5000,211,14
1790824994,2026-10-01T03:23:14Z,VOZ267,"-35.485794,149.164642",4950,210,14
1790825001,2026-10-01T03:23:21Z,VOZ267,"-35.479111,149.166748",4775,208,14
1790825009,2026-10-01T03:23:29Z,VOZ267,"-35.471191,149.169098",4650,202,13
1790825016,2026-10-01T03:23:36Z,VOZ267,"-35.465103,149.170822",4575,199,12
1790825023,2026-10-01T03:23:43Z,VOZ267,"-35.459724,149.172424",4450,195,14
1790825032,2026-10-01T03:23:52Z,VOZ267,"-35.451096,149.174988",4275,194,13
1790825040,2026-10-01T03:24:00Z,VOZ267,"-35.444221,149.176987",4150,191,12
1790825047,2026-10-01T03:24:07Z,VOZ267,"-35.438683,149.178497",4050,190,13
1790825055,2026-10-01T03:24:15Z,VOZ267,"-35.431091,149.180771",3875,188,14
1790825062,2026-10-01T03:24:22Z,VOZ267,"-35.425369,149.182495",3800,183,13
1790825071,2026-10-01T03:24:31Z,VOZ267,"-35.41832,149.184494",3675,178,12
1790825073,2026-10-01T03:24:33Z,VOZ267,"-35.41713,149.184753",3650,176,11
1790825075,2026-10-01T03:24:35Z,VOZ267,"-35.414566,149.185349",3600,174,10
1790825078,2026-10-01T03:24:38Z,VOZ267,"-35.413055,149.185638",3550,174,9
1790825080,2026-10-01T03:24:40Z,VOZ267,"-35.411453,149.185928",3525,172,8
1790825082,2026-10-01T03:24:42Z,VOZ267,"-35.409348,149.186218",3450,172,6
1790825084,2026-10-01T03:24:44Z,VOZ267,"-35.40802,149.186386",3425,169,4
1790825086,2026-10-01T03:24:46Z,VOZ267,"-35.405956,149.186569",3375,168,3
1790825089,2026-10-01T03:24:49Z,VOZ267,"-35.404633,149.186676",3350,167,3
1790825091,2026-10-01T03:24:51Z,VOZ267,"-35.402653,149.186737",3325,166,2
1790825093,2026-10-01T03:24:53Z,VOZ267,"-35.401199,149.186783",3300,164,1
1790825095,2026-10-01T03:24:55Z,VOZ267,"-35.399323,149.186844",3275,163,1
1790825098,2026-10-01T03:24:58Z,VOZ267,"-35.397766,149.186783",3250,161,358
1790825100,2026-10-01T03:25:00Z,VOZ267,"-35.395855,149.186737",3250,158,358
1790825102,2026-10-01T03:25:02Z,VOZ267,"-35.394226,149.186737",3225,156,358
1790825105,2026-10-01T03:25:05Z,VOZ267,"-35.392178,149.186798",3200,155,2
1790825107,2026-10-01T03:25:07Z,VOZ267,"-35.39064,149.186966",3175,154,4
1790825109,2026-10-01T03:25:09Z,VOZ267,"-35.389389,149.18718",3150,153,7
1790825111,2026-10-01T03:25:11Z,VOZ267,"-35.387753,149.187439",3100,151,9
1790825114,2026-10-01T03:25:14Z,VOZ267,"-35.386002,149.187866",3050,151,10
1790825116,2026-10-01T03:25:16Z,VOZ267,"-35.384766,149.188217",3000,150,12
1790825118,2026-10-01T03:25:18Z,VOZ267,"-35.383099,149.188721",2975,151,14
1790825120,2026-10-01T03:25:20Z,VOZ267,"-35.381424,149.189362",2950,151,17
1790825123,2026-10-01T03:25:23Z,VOZ267,"-35.379868,149.189987",2925,150,18
1790825125,2026-10-01T03:25:25Z,VOZ267,"-35.37849,149.190598",2875,149,19
1790825127,2026-10-01T03:25:27Z,VOZ267,"-35.377167,149.191193",2850,150,19
1790825129,2026-10-01T03:25:29Z,VOZ267,"-35.375702,149.191757",2800,149,18
1790825131,2026-10-01T03:25:31Z,VOZ267,"-35.374393,149.19223",2775,149,16
1790825134,2026-10-01T03:25:34Z,VOZ267,"-35.372818,149.192734",2750,146,14
1790825136,2026-10-01T03:25:36Z,VOZ267,"-35.37117,149.193192",2725,145,13
1790825138,2026-10-01T03:25:38Z,VOZ267,"-35.36998,149.193481",2700,145,10
1790825140,2026-10-01T03:25:40Z,VOZ267,"-35.368332,149.193817",2650,144,9
1790825143,2026-10-01T03:25:43Z,VOZ267,"-35.366638,149.194107",2625,145,6
1790825145,2026-10-01T03:25:45Z,VOZ267,"-35.36499,149.194275",2600,144,5
1790825147,2026-10-01T03:25:47Z,VOZ267,"-35.363663,149.194397",2575,145,2
1790825150,2026-10-01T03:25:50Z,VOZ267,"-35.361969,149.194397",2575,145,1
1790825152,2026-10-01T03:25:52Z,VOZ267,"-35.360706,149.194397",2550,144,1
1790825154,2026-10-01T03:25:54Z,VOZ267,"-35.35936,149.194397",2525,144,359
1790825156,2026-10-01T03:25:56Z,VOZ267,"-35.357529,149.194397",2475,145,359
1790825158,2026-10-01T03:25:58Z,VOZ267,"-35.356339,149.194397",2475,144,359
1790825161,2026-10-01T03:26:01Z,VOZ267,"-35.354965,149.194458",2425,144,1
1790825163,2026-10-01T03:26:03Z,VOZ267,"-35.353317,149.194458",2400,141,1
1790825165,2026-10-01T03:26:05Z,VOZ267,"-35.352047,149.194458",2350,142,359
1790825167,2026-10-01T03:26:07Z,VOZ267,"-35.350792,149.194458",2325,144,358
1790825169,2026-10-01T03:26:09Z,VOZ267,"-35.349068,149.194397",2300,147,358
1790825171,2026-10-01T03:26:11Z,VOZ267,"-35.34758,149.194397",2275,147,359
1790825173,2026-10-01T03:26:13Z,VOZ267,"-35.346416,149.194336",2275,148,359
1790825177,2026-10-01T03:26:17Z,VOZ267,"-35.343716,149.194336",2225,148,359
1790825180,2026-10-01T03:26:20Z,VOZ267,"-35.341553,149.194397",2175,147,359
1790825182,2026-10-01T03:26:22Z,VOZ267,"-35.339947,149.194397",2150,146,359
1790825185,2026-10-01T03:26:25Z,VOZ267,"-35.338898,149.194458",2125,145,359
1790825187,2026-10-01T03:26:27Z,VOZ267,"-35.336918,149.194458",2075,144,359
1790825196,2026-10-01T03:26:36Z,VOZ267,"-35.331207,149.194565",1950,143,359
1790825204,2026-10-01T03:26:44Z,VOZ267,"-35.325932,149.194504",1850,145,359
1790825212,2026-10-01T03:26:52Z,VOZ267,"-35.320206,149.194458",1725,147,359
1790825222,2026-10-01T03:27:02Z,VOZ267,"-35.313362,149.194458",1600,148,359
1790825231,2026-10-01T03:27:11Z,VOZ267,"-35.30722,149.194458",1550,138,359
1790825239,2026-10-01T03:27:19Z,VOZ267,"-35.303074,149.194458",1575,99,359
1790825246,2026-10-01T03:27:26Z,VOZ267,"-35.300179,149.194458",0,70,359
1790825254,2026-10-01T03:27:34Z,VOZ267,"-35.298283,149.194458",0,47,359
1790825261,2026-10-01T03:27:41Z,VOZ267,"-35.297012,149.194458",0,29,359
1790825269,2026-10-01T03:27:49Z,VOZ267,"-35.296303,149.194458",0,17,357
1790825272,2026-10-01T03:27:52Z,VOZ267,"-35.296047,149.194351",0,15,337
1790825277,2026-10-01T03:27:57Z,VOZ267,"-35.295837,149.194046",0,14,300
1790825280,2026-10-01T03:28:00Z,VOZ267,"-35.295792,149.193802",0,15,278
1790825283,2026-10-01T03:28:03Z,VOZ267,"-35.295788,149.193527",0,15,270
1790825286,2026-10-01T03:28:06Z,VOZ267,"-35.295788,149.193283",0,15,270
1790825290,2026-10-01T03:28:10Z,VOZ267,"-35.295811,149.192963",0,13,261
1790825294,2026-10-01T03:28:14Z,VOZ267,"-35.295914,149.192719",0,13,239
1790825299,2026-10-01T03:28:19Z,VOZ267,"-35.296154,149.19252",0,13,208
1790825303,2026-10-01T03:28:23Z,VOZ267,"-35.296394,149.192459",0,13,188
1790825307,2026-10-01T03:28:27Z,VOZ267,"-35.296661,149.192444",0,14,180
1790825310,2026-10-01T03:28:30Z,VOZ267,"-35.296894,149.192444",0,15,180
1790825315,2026-10-01T03:28:35Z,VOZ267,"-35.297211,149.192459",0,15,180
1790825317,2026-10-01T03:28:37Z,VOZ267,"-35.297432,149.192459",0,16,180
1790825321,2026-10-01T03:28:41Z,VOZ267,"-35.297688,149.192459",0,17,180
1790825328,2026-10-01T03:28:48Z,VOZ267,"-35.298283,149.192459",0,18,180
1790825334,2026-10-01T03:28:54Z,VOZ267,"-35.298855,149.192459",0,19,182
1790825341,2026-10-01T03:29:01Z,VOZ267,"-35.299564,149.192459",0,20,180
1790825348,2026-10-01T03:29:08Z,VOZ267,"-35.30027,149.192459",0,21,180
1790825355,2026-10-01T03:29:15Z,VOZ267,"-35.300915,149.192459",0,21,180
1790825361,2026-10-01T03:29:21Z,VOZ267,"-35.301544,149.192429",0,22,185
1790825364,2026-10-01T03:29:24Z,VOZ267,"-35.301819,149.192429",0,22,182
1790825366,2026-10-01T03:29:26Z,VOZ267,"-35.302059,149.192413",0,22,182
1790825369,2026-10-01T03:29:29Z,VOZ267,"-35.302345,149.192398",0,22,180
1790825371,2026-10-01T03:29:31Z,VOZ267,"-35.302563,149.192398",0,23,180
1790825374,2026-10-01T03:29:34Z,VOZ267,"-35.302883,149.192413",0,23,180
1790825376,2026-10-01T03:29:36Z,VOZ267,"-35.303112,149.192429",0,23,180
1790825379,2026-10-01T03:29:39Z,VOZ267,"-35.303436,149.192413",0,24,182
1790825381,2026-10-01T03:29:41Z,VOZ267,"-35.303696,149.192398",0,24,182
1790825384,2026-10-01T03:29:44Z,VOZ267,"-35.304016,149.192398",0,25,180
1790825386,2026-10-01T03:29:46Z,VOZ267,"-35.304314,149.192413",0,25,180
1790825389,2026-10-01T03:29:49Z,VOZ267,"-35.304634,149.192413",0,25,180
1790825391,2026-10-01T03:29:51Z,VOZ267,"-35.304874,149.192413",0,25,180
1790825393,2026-10-01T03:29:53Z,VOZ267,"-35.305172,149.192413",0,25,180
1790825395,2026-10-01T03:29:55Z,VOZ267,"-35.305389,149.192413",0,23,180
1790825398,2026-10-01T03:29:58Z,VOZ267,"-35.305664,149.192413",0,21,180
1790825402,2026-10-01T03:30:02Z,VOZ267,"-35.305984,149.192398",0,16,182
1790825406,2026-10-01T03:30:06Z,VOZ267,"-35.30624,149.192398",0,12,188
1790825412,2026-10-01T03:30:12Z,VOZ267,"-35.306461,149.192123",0,12,239
1790825415,2026-10-01T03:30:15Z,VOZ267,"-35.306473,149.191895",0,11,270
1790825421,2026-10-01T03:30:21Z,VOZ267,"-35.306339,149.19162",0,11,303
1790825426,2026-10-01T03:30:26Z,VOZ267,"-35.306171,149.191376",0,9,312
1790825434,2026-10-01T03:30:34Z,VOZ267,"-35.306042,149.191116",0,6,292
1790825443,2026-10-01T03:30:43Z,VOZ267,"-35.306217,149.190887",0,5,225
1790825456,2026-10-01T03:30:56Z,VOZ267,"-35.306427,149.190674",0,3,222
